"date","geography","geography code","Multiple main languages in household: Total: All households","Multiple main languages in household: One-person household","Multiple main languages in household: All household members have the same main language","Multiple main languages in household: Main language differs between generations, but not within partnerships","Multiple main languages in household: Main language differs within partnerships","Multiple main languages in household: Any other combination of multiple main languages"
2021,"City of London 001","E02000001",4913,2506,1903,79,267,158
2021,"Barking and Dagenham 001","E02000002",2868,725,1685,204,128,126
2021,"Barking and Dagenham 002","E02000003",3930,974,2176,292,174,314
2021,"Barking and Dagenham 003","E02000004",2309,539,1504,90,74,102
2021,"Barking and Dagenham 004","E02000005",3630,706,2243,276,192,213
2021,"Barking and Dagenham 006","E02000007",3675,1071,2124,220,108,152
2021,"Barking and Dagenham 007","E02000008",4624,1078,2820,340,150,236
2021,"Barking and Dagenham 008","E02000009",4251,1011,2376,380,230,254
2021,"Barking and Dagenham 009","E02000010",3324,783,2006,252,113,170
2021,"Barking and Dagenham 010","E02000011",2353,530,1424,160,100,139
2021,"Barking and Dagenham 011","E02000012",3289,694,1682,278,216,419
2021,"Barking and Dagenham 012","E02000013",3254,790,1916,250,136,162
2021,"Barking and Dagenham 013","E02000014",3389,758,2083,245,104,199
2021,"Barking and Dagenham 014","E02000015",3033,938,1664,188,99,144
2021,"Barking and Dagenham 015","E02000016",3811,1040,1907,367,241,256
2021,"Barking and Dagenham 016","E02000017",2767,622,1318,240,198,389
2021,"Barking and Dagenham 017","E02000018",3234,718,1932,244,140,200
2021,"Barking and Dagenham 018","E02000019",3207,589,2039,290,123,166
2021,"Barking and Dagenham 019","E02000020",4673,1048,2563,426,272,364
2021,"Barking and Dagenham 020","E02000021",2930,663,1697,248,122,200
2021,"Barking and Dagenham 021","E02000022",2796,756,1452,292,170,126
2021,"Barking and Dagenham 022","E02000023",2664,625,1510,251,138,140
2021,"Barnet 001","E02000024",4476,1300,2767,121,193,95
2021,"Barnet 002","E02000025",3748,1314,2069,121,145,99
2021,"Barnet 003","E02000026",2512,652,1583,105,98,74
2021,"Barnet 004","E02000027",3685,1002,2187,210,158,128
2021,"Barnet 005","E02000028",2693,770,1575,132,140,76
2021,"Barnet 006","E02000029",3707,991,2214,167,198,137
2021,"Barnet 007","E02000030",3517,765,2342,145,136,129
2021,"Barnet 008","E02000031",3327,935,1972,130,174,116
2021,"Barnet 009","E02000032",2744,489,1785,142,176,152
2021,"Barnet 010","E02000033",3494,977,2020,188,167,142
2021,"Barnet 011","E02000034",3588,973,2059,217,184,155
2021,"Barnet 012","E02000035",3528,1113,1906,175,211,123
2021,"Barnet 013","E02000036",3944,932,2365,280,164,203
2021,"Barnet 014","E02000037",3717,778,2451,190,164,134
2021,"Barnet 015","E02000038",4005,1019,2301,236,255,194
2021,"Barnet 016","E02000039",2674,672,1655,121,122,104
2021,"Barnet 017","E02000040",3511,995,1965,202,183,166
2021,"Barnet 018","E02000041",3324,782,1908,272,136,226
2021,"Barnet 019","E02000042",4716,1544,2311,257,309,295
2021,"Barnet 020","E02000043",2664,516,1708,151,160,129
2021,"Barnet 021","E02000044",3070,681,1741,280,154,214
2021,"Barnet 022","E02000045",4202,1289,2152,280,275,206
2021,"Barnet 023","E02000046",2879,822,1521,129,217,190
2021,"Barnet 024","E02000047",4210,959,2241,449,211,350
2021,"Barnet 025","E02000048",3950,1044,2313,219,186,188
2021,"Barnet 026","E02000049",3802,1024,1937,422,187,232
2021,"Barnet 027","E02000050",4034,1147,2200,249,207,231
2021,"Barnet 028","E02000051",3792,1197,2039,180,199,177
2021,"Barnet 029","E02000052",4191,1321,2222,201,263,184
2021,"Barnet 031","E02000054",2970,926,1433,162,178,271
2021,"Barnet 032","E02000055",4508,1335,2285,274,251,363
2021,"Barnet 033","E02000056",3442,844,2156,104,172,166
2021,"Barnet 034","E02000057",2706,686,1569,116,140,195
2021,"Barnet 035","E02000058",4097,1331,2182,187,204,193
2021,"Barnet 036","E02000059",4436,1334,2116,310,271,405
2021,"Barnet 037","E02000060",3693,1104,2060,135,172,222
2021,"Barnet 038","E02000061",3573,1303,1729,106,223,212
2021,"Barnet 039","E02000062",2615,812,1170,266,147,220
2021,"Barnet 040","E02000063",2834,855,1326,239,198,216
2021,"Barnet 041","E02000064",2761,833,1395,222,157,154
2021,"Bexley 001","E02000065",2775,658,1796,126,94,101
2021,"Bexley 002","E02000066",3547,1129,2006,167,105,140
2021,"Bexley 003","E02000067",3982,1129,2422,149,147,135
2021,"Bexley 004","E02000068",3196,959,1916,125,95,101
2021,"Bexley 005","E02000069",2812,781,1780,77,99,75
2021,"Bexley 006","E02000070",3140,789,2110,85,80,76
2021,"Bexley 007","E02000071",2834,655,1996,73,61,49
2021,"Bexley 008","E02000072",4688,1148,3122,161,131,126
2021,"Bexley 009","E02000073",3958,809,2871,101,95,82
2021,"Bexley 010","E02000074",3505,1042,2221,90,83,69
2021,"Bexley 011","E02000075",3148,727,2250,71,51,49
2021,"Bexley 013","E02000077",2936,619,2033,108,83,93
2021,"Bexley 014","E02000078",3020,653,2207,54,52,54
2021,"Bexley 015","E02000079",3586,1049,2246,118,94,79
2021,"Bexley 016","E02000080",3816,932,2501,141,124,118
2021,"Bexley 017","E02000081",3278,901,2143,93,88,53
2021,"Bexley 018","E02000082",3443,725,2464,119,70,65
2021,"Bexley 019","E02000083",4441,1195,2962,100,107,77
2021,"Bexley 020","E02000084",4199,936,2996,71,109,87
2021,"Bexley 021","E02000085",3073,745,2148,57,59,64
2021,"Bexley 022","E02000086",2788,627,2049,41,46,25
2021,"Bexley 023","E02000087",3320,868,2296,51,67,38
2021,"Bexley 024","E02000088",2980,625,2239,40,53,23
2021,"Bexley 025","E02000089",2902,582,2177,56,56,31
2021,"Bexley 026","E02000090",4193,1485,2482,78,95,53
2021,"Bexley 027","E02000091",4449,1539,2714,69,85,42
2021,"Bexley 028","E02000092",2714,777,1778,82,41,36
2021,"Brent 001","E02000093",3740,692,2055,353,219,421
2021,"Brent 002","E02000094",3467,732,1838,372,186,339
2021,"Brent 003","E02000095",3184,574,1714,331,179,386
2021,"Brent 004","E02000096",2496,467,1487,170,116,256
2021,"Brent 005","E02000097",3038,635,1640,302,159,302
2021,"Brent 006","E02000098",2875,621,1555,285,146,268
2021,"Brent 007","E02000099",2917,558,1519,322,196,322
2021,"Brent 008","E02000100",2567,512,1456,201,110,288
2021,"Brent 009","E02000101",3382,870,1681,329,202,300
2021,"Brent 010","E02000102",2685,692,1295,321,143,234
2021,"Brent 011","E02000103",3464,884,1738,367,204,271
2021,"Brent 012","E02000104",2416,615,1150,252,122,277
2021,"Brent 013","E02000105",3107,685,1565,319,174,364
2021,"Brent 014","E02000106",3586,1018,1652,358,195,363
2021,"Brent 015","E02000107",4361,1498,1940,256,258,409
2021,"Brent 016","E02000108",2272,436,1188,293,138,217
2021,"Brent 018","E02000110",3094,928,1578,146,176,266
2021,"Brent 019","E02000111",3190,592,1632,383,177,406
2021,"Brent 020","E02000112",3494,649,1850,348,190,457
2021,"Brent 021","E02000113",3290,840,1618,445,145,242
2021,"Brent 022","E02000114",3707,1245,1685,222,223,332
2021,"Brent 023","E02000115",3877,1488,1763,208,205,213
2021,"Brent 024","E02000116",3239,951,1493,373,175,247
2021,"Brent 025","E02000117",4759,1611,2174,499,197,278
2021,"Brent 026","E02000118",3157,605,1628,388,142,394
2021,"Brent 027","E02000119",3952,1255,1851,444,182,220
2021,"Brent 028","E02000120",4243,1699,1911,164,239,230
2021,"Brent 029","E02000121",3627,735,1762,497,220,413
2021,"Brent 030","E02000122",3159,947,1651,153,153,255
2021,"Brent 031","E02000123",5539,1874,2591,486,209,379
2021,"Brent 032","E02000124",4161,1287,2215,192,230,237
2021,"Brent 033","E02000125",3942,1182,2124,155,202,279
2021,"Brent 034","E02000126",3406,1270,1441,307,186,202
2021,"Bromley 001","E02000127",3785,1152,2298,112,119,104
2021,"Bromley 002","E02000128",3063,776,2090,60,97,40
2021,"Bromley 004","E02000130",3664,1148,2222,77,131,86
2021,"Bromley 005","E02000131",5070,1876,2733,139,238,84
2021,"Bromley 006","E02000132",4942,2039,2500,95,232,76
2021,"Bromley 007","E02000133",4328,1083,2990,48,158,49
2021,"Bromley 008","E02000134",5300,1840,2996,111,250,103
2021,"Bromley 009","E02000135",4444,1680,2278,199,188,99
2021,"Bromley 010","E02000136",2295,666,1505,40,51,33
2021,"Bromley 011","E02000137",3675,1218,2214,68,132,43
2021,"Bromley 012","E02000138",4140,1599,2255,59,166,61
2021,"Bromley 013","E02000139",3309,1040,2058,48,120,43
2021,"Bromley 014","E02000140",3338,988,2125,71,98,56
2021,"Bromley 015","E02000141",3095,962,1877,71,123,62
2021,"Bromley 016","E02000142",3453,897,2298,71,125,62
2021,"Bromley 018","E02000144",4313,1298,2536,143,231,105
2021,"Bromley 019","E02000145",3513,1041,2211,101,91,69
2021,"Bromley 020","E02000146",4041,1243,2524,75,124,75
2021,"Bromley 021","E02000147",3169,781,2192,57,94,45
2021,"Bromley 022","E02000148",2699,673,1871,40,80,35
2021,"Bromley 023","E02000149",3284,898,2189,65,75,57
2021,"Bromley 024","E02000150",3115,654,2259,50,96,56
2021,"Bromley 025","E02000151",2970,644,2147,51,91,37
2021,"Bromley 026","E02000152",3096,825,2045,84,96,46
2021,"Bromley 027","E02000153",2893,516,2211,48,83,35
2021,"Bromley 028","E02000154",3573,997,2312,94,104,66
2021,"Bromley 029","E02000155",3040,899,1968,58,68,47
2021,"Bromley 030","E02000156",4861,1195,3434,51,115,66
2021,"Bromley 031","E02000157",3278,732,2379,78,71,18
2021,"Bromley 032","E02000158",3034,715,2097,85,91,46
2021,"Bromley 033","E02000159",2821,661,2035,33,54,38
2021,"Bromley 034","E02000160",3043,657,2246,41,69,30
2021,"Bromley 035","E02000161",3345,740,2371,95,99,40
2021,"Bromley 036","E02000162",2963,932,1899,61,43,28
2021,"Bromley 037","E02000163",3068,734,2170,56,64,44
2021,"Bromley 039","E02000165",2741,566,2112,17,30,16
2021,"Camden 001","E02000166",3396,1197,1837,95,147,120
2021,"Camden 002","E02000167",3373,1273,1714,77,215,94
2021,"Camden 003","E02000168",3494,1256,1831,101,169,137
2021,"Camden 004","E02000169",3027,878,1692,122,220,115
2021,"Camden 005","E02000170",3465,1158,1806,111,217,173
2021,"Camden 006","E02000171",3331,1209,1671,110,200,141
2021,"Camden 007","E02000172",4035,1452,1903,265,209,206
2021,"Camden 008","E02000173",3501,1426,1559,114,258,144
2021,"Camden 009","E02000174",3551,1273,1778,167,182,151
2021,"Camden 010","E02000175",4309,1706,2057,113,263,170
2021,"Camden 011","E02000176",3002,1345,1286,87,210,74
2021,"Camden 012","E02000177",3653,1328,1715,228,189,193
2021,"Camden 013","E02000178",4166,1611,1896,214,235,210
2021,"Camden 014","E02000179",2548,972,1145,161,151,119
2021,"Camden 015","E02000180",3516,1288,1660,163,177,228
2021,"Camden 016","E02000181",3751,1295,1877,131,308,140
2021,"Camden 017","E02000182",3082,1100,1437,172,205,168
2021,"Camden 018","E02000183",3613,1537,1653,131,166,126
2021,"Camden 019","E02000184",3634,1322,1593,246,191,282
2021,"Camden 020","E02000185",4069,1749,1565,330,210,215
2021,"Camden 021","E02000186",2940,1212,1281,108,143,196
2021,"Camden 022","E02000187",3817,1373,1570,372,210,292
2021,"Camden 023","E02000188",2719,937,1096,260,167,259
2021,"Camden 026","E02000191",2106,1068,740,55,105,138
2021,"Camden 027","E02000192",3090,1305,1236,176,187,186
2021,"Camden 028","E02000193",3100,1630,1084,84,136,166
2021,"Croydon 001","E02000194",4202,1522,2283,120,186,91
2021,"Croydon 002","E02000195",3488,825,2137,177,161,188
2021,"Croydon 003","E02000196",2816,707,1616,149,133,211
2021,"Croydon 004","E02000197",3318,843,1901,195,166,213
2021,"Croydon 005","E02000198",3501,1100,1941,183,118,159
2021,"Croydon 006","E02000199",3205,828,1986,134,131,126
2021,"Croydon 007","E02000200",4002,1433,2159,139,157,114
2021,"Croydon 008","E02000201",3821,1377,2033,156,139,116
2021,"Croydon 009","E02000202",3034,724,1724,196,134,256
2021,"Croydon 010","E02000203",3119,1049,1633,158,88,191
2021,"Croydon 011","E02000204",3227,744,1791,259,153,280
2021,"Croydon 013","E02000206",4465,1496,2393,237,194,145
2021,"Croydon 014","E02000207",3560,1088,2131,127,95,119
2021,"Croydon 015","E02000208",4097,1276,2089,328,185,219
2021,"Croydon 016","E02000209",3062,639,1733,361,125,204
2021,"Croydon 017","E02000210",3444,934,2152,103,132,123
2021,"Croydon 018","E02000211",3293,859,2158,93,112,71
2021,"Croydon 019","E02000212",3263,718,1873,299,153,220
2021,"Croydon 020","E02000213",5392,1886,2642,318,282,264
2021,"Croydon 021","E02000214",2326,483,1613,74,85,71
2021,"Croydon 022","E02000215",5257,1920,2687,199,252,199
2021,"Croydon 023","E02000216",2942,940,1582,176,140,104
2021,"Croydon 024","E02000217",5022,1650,2629,256,268,219
2021,"Croydon 025","E02000218",2352,457,1632,128,65,70
2021,"Croydon 026","E02000219",2984,715,2050,66,67,86
2021,"Croydon 028","E02000221",3988,1096,2350,247,149,146
2021,"Croydon 029","E02000222",3635,1176,2086,117,154,102
2021,"Croydon 030","E02000223",2789,579,1902,184,60,64
2021,"Croydon 031","E02000224",3272,940,2015,97,116,104
2021,"Croydon 032","E02000225",2658,580,1862,101,61,54
2021,"Croydon 033","E02000226",2781,562,2016,65,69,69
2021,"Croydon 034","E02000227",4838,1475,3038,112,117,96
2021,"Croydon 035","E02000228",3007,627,2186,60,71,63
2021,"Croydon 036","E02000229",2237,559,1510,81,48,39
2021,"Croydon 037","E02000230",4231,1215,2597,137,167,115
2021,"Croydon 038","E02000231",2746,496,1978,70,96,106
2021,"Croydon 039","E02000232",2370,524,1717,36,48,45
2021,"Croydon 040","E02000233",2397,527,1669,54,79,68
2021,"Croydon 041","E02000234",3720,967,2460,106,135,52
2021,"Croydon 042","E02000235",2657,544,1952,46,77,38
2021,"Croydon 043","E02000236",3309,562,2553,65,78,51
2021,"Croydon 044","E02000237",3034,758,2155,25,59,37
2021,"Ealing 001","E02000238",3736,881,1992,399,180,284
2021,"Ealing 002","E02000239",2929,535,1620,282,154,338
2021,"Ealing 003","E02000240",3897,862,2159,438,181,257
2021,"Ealing 004","E02000241",2599,578,1445,265,137,174
2021,"Ealing 005","E02000242",2231,409,1143,299,134,246
2021,"Ealing 006","E02000243",3128,848,1565,274,158,283
2021,"Ealing 007","E02000244",2937,826,1388,292,196,235
2021,"Ealing 008","E02000245",3354,865,1741,362,200,186
2021,"Ealing 009","E02000246",3072,634,1684,375,150,229
2021,"Ealing 010","E02000247",3891,962,2076,398,220,235
2021,"Ealing 011","E02000248",2989,881,1409,253,197,249
2021,"Ealing 012","E02000249",2913,735,1525,286,138,229
2021,"Ealing 013","E02000250",2544,660,1527,113,137,107
2021,"Ealing 014","E02000251",2542,463,1361,282,151,285
2021,"Ealing 015","E02000252",4410,1643,1920,279,259,309
2021,"Ealing 016","E02000253",3839,1090,1897,396,229,227
2021,"Ealing 017","E02000254",2610,384,1291,397,152,386
2021,"Ealing 018","E02000255",3791,1042,2089,266,226,168
2021,"Ealing 019","E02000256",4026,1261,2159,162,246,198
2021,"Ealing 021","E02000258",2602,740,1368,133,160,201
2021,"Ealing 022","E02000259",2395,499,1492,165,120,119
2021,"Ealing 023","E02000260",2754,492,1301,399,151,411
2021,"Ealing 024","E02000261",4977,1536,2396,320,300,425
2021,"Ealing 025","E02000262",3946,1368,1915,222,220,221
2021,"Ealing 026","E02000263",3646,633,1593,576,217,627
2021,"Ealing 027","E02000264",3543,1140,1804,141,218,240
2021,"Ealing 028","E02000265",4734,1546,2412,284,264,228
2021,"Ealing 029","E02000266",4295,1071,2053,574,252,345
2021,"Ealing 030","E02000267",3219,852,1884,192,156,135
2021,"Ealing 031","E02000268",3863,1167,2153,144,201,198
2021,"Ealing 032","E02000269",3304,883,1947,117,193,164
2021,"Ealing 033","E02000270",4116,1389,1917,293,289,228
2021,"Ealing 034","E02000271",2975,865,1764,73,169,104
2021,"Ealing 035","E02000272",2540,625,1573,100,139,103
2021,"Ealing 038","E02000275",2348,441,1218,256,139,294
2021,"Ealing 039","E02000276",2724,707,1555,101,188,173
2021,"Enfield 001","E02000277",2627,539,1598,216,99,175
2021,"Enfield 002","E02000278",3336,825,1837,373,154,147
2021,"Enfield 003","E02000279",4415,1089,2526,395,192,213
2021,"Enfield 004","E02000280",3412,927,2159,152,99,75
2021,"Enfield 005","E02000281",3549,943,2055,242,162,147
2021,"Enfield 006","E02000282",3467,863,1806,460,128,210
2021,"Enfield 007","E02000283",2799,479,1710,319,115,176
2021,"Enfield 008","E02000284",3619,1088,2170,131,132,98
2021,"Enfield 009","E02000285",2462,496,1733,67,103,63
2021,"Enfield 010","E02000286",4001,1475,2197,100,164,65
2021,"Enfield 011","E02000287",2873,769,1784,119,115,86
2021,"Enfield 012","E02000288",4053,971,1967,554,220,341
2021,"Enfield 013","E02000289",2425,466,1679,88,116,76
2021,"Enfield 014","E02000290",2519,726,1221,325,128,119
2021,"Enfield 015","E02000291",4330,1467,2256,268,200,139
2021,"Enfield 016","E02000292",3569,832,2145,249,173,170
2021,"Enfield 017","E02000293",2490,619,1640,64,95,72
2021,"Enfield 018","E02000294",3086,636,1660,398,172,220
2021,"Enfield 019","E02000295",3351,930,1919,180,167,155
2021,"Enfield 020","E02000296",4039,1175,2095,298,251,220
2021,"Enfield 021","E02000297",3475,864,2181,139,146,145
2021,"Enfield 022","E02000298",3053,731,2025,77,107,113
2021,"Enfield 023","E02000299",3314,847,1664,407,167,229
2021,"Enfield 024","E02000300",2997,756,1548,325,145,223
2021,"Enfield 025","E02000301",3725,1030,1874,446,180,195
2021,"Enfield 026","E02000302",3114,752,1778,229,153,202
2021,"Enfield 027","E02000303",2976,864,1410,362,134,206
2021,"Enfield 028","E02000304",2908,607,1850,127,163,161
2021,"Enfield 029","E02000305",3454,924,2004,152,192,182
2021,"Enfield 030","E02000306",3404,1027,1577,461,150,189
2021,"Enfield 031","E02000307",3340,665,1795,406,183,291
2021,"Enfield 032","E02000308",3226,830,1696,266,175,259
2021,"Enfield 033","E02000309",3987,977,2024,483,189,314
2021,"Enfield 035","E02000311",3635,824,1813,375,234,389
2021,"Enfield 036","E02000312",4495,1271,2278,300,306,340
2021,"Greenwich 001","E02000313",2597,966,1388,104,58,81
2021,"Greenwich 002","E02000314",4536,1130,2699,281,223,203
2021,"Greenwich 003","E02000315",3490,916,2114,211,112,137
2021,"Greenwich 005","E02000317",2822,784,1570,200,120,148
2021,"Greenwich 006","E02000318",3581,922,1938,217,126,378
2021,"Greenwich 007","E02000319",3919,1115,2171,223,147,263
2021,"Greenwich 008","E02000320",2556,677,1517,134,95,133
2021,"Greenwich 009","E02000321",2960,933,1608,183,104,132
2021,"Greenwich 011","E02000323",4820,1507,2413,322,238,340
2021,"Greenwich 012","E02000324",2854,814,1610,168,122,140
2021,"Greenwich 014","E02000326",3050,859,1744,139,149,159
2021,"Greenwich 015","E02000327",2635,919,1386,144,91,95
2021,"Greenwich 016","E02000328",2946,1032,1665,53,129,67
2021,"Greenwich 017","E02000329",2461,677,1509,88,84,103
2021,"Greenwich 019","E02000331",3192,959,1794,138,134,167
2021,"Greenwich 020","E02000332",2999,859,1855,88,103,94
2021,"Greenwich 021","E02000333",2883,1032,1583,53,161,54
2021,"Greenwich 022","E02000334",2543,689,1531,93,119,111
2021,"Greenwich 023","E02000335",2592,610,1759,61,104,58
2021,"Greenwich 025","E02000337",3087,735,1969,126,134,123
2021,"Greenwich 027","E02000339",2591,817,1572,48,92,62
2021,"Greenwich 028","E02000340",3020,1078,1695,66,101,80
2021,"Greenwich 029","E02000341",2941,732,1878,137,101,93
2021,"Greenwich 030","E02000342",2343,699,1435,69,89,51
2021,"Greenwich 031","E02000343",2695,750,1685,87,103,70
2021,"Greenwich 032","E02000344",2449,599,1656,64,70,60
2021,"Hackney 001","E02000345",2589,746,1379,92,229,143
2021,"Hackney 002","E02000346",3972,1229,1976,298,233,236
2021,"Hackney 003","E02000347",2582,713,1311,157,217,184
2021,"Hackney 004","E02000348",2723,830,1339,201,216,137
2021,"Hackney 006","E02000350",3693,1102,1878,145,231,337
2021,"Hackney 007","E02000351",4231,1470,2134,182,224,221
2021,"Hackney 008","E02000352",2685,858,1419,125,150,133
2021,"Hackney 009","E02000353",3156,910,1779,94,193,180
2021,"Hackney 010","E02000354",3989,1434,1843,271,191,250
2021,"Hackney 011","E02000355",3114,902,1682,126,148,256
2021,"Hackney 012","E02000356",3062,952,1718,98,151,143
2021,"Hackney 013","E02000357",2719,937,1348,190,98,146
2021,"Hackney 014","E02000358",4818,1612,2382,220,248,356
2021,"Hackney 015","E02000359",2437,607,1446,125,101,158
2021,"Hackney 016","E02000360",4851,1668,2299,364,260,260
2021,"Hackney 017","E02000361",3677,1327,1792,181,155,222
2021,"Hackney 018","E02000362",2805,857,1527,128,132,161
2021,"Hackney 019","E02000363",4441,1345,2283,415,158,240
2021,"Hackney 020","E02000364",4100,1456,2086,164,189,205
2021,"Hackney 022","E02000366",3539,1306,1744,163,145,181
2021,"Hackney 023","E02000367",4594,1508,2421,181,223,261
2021,"Hackney 024","E02000368",4151,1416,1988,284,182,281
2021,"Hackney 025","E02000369",5930,1927,2899,398,328,378
2021,"Hackney 026","E02000370",3992,1417,1802,254,224,295
2021,"Hammersmith and Fulham 001","E02000372",3876,1408,1818,237,160,253
2021,"Hammersmith and Fulham 002","E02000373",2537,659,1208,330,131,209
2021,"Hammersmith and Fulham 003","E02000374",2618,757,1351,171,143,196
2021,"Hammersmith and Fulham 004","E02000375",3498,1407,1504,172,204,211
2021,"Hammersmith and Fulham 005","E02000376",3183,1262,1416,126,176,203
2021,"Hammersmith and Fulham 006","E02000377",3447,1317,1650,137,164,179
2021,"Hammersmith and Fulham 007","E02000378",3251,1379,1414,118,194,146
2021,"Hammersmith and Fulham 008","E02000379",3104,1036,1605,137,182,144
2021,"Hammersmith and Fulham 009","E02000380",2498,907,1288,67,148,88
2021,"Hammersmith and Fulham 010","E02000381",3546,1372,1708,115,236,115
2021,"Hammersmith and Fulham 011","E02000382",2772,1037,1365,87,161,122
2021,"Hammersmith and Fulham 012","E02000383",4111,1702,1755,167,245,242
2021,"Hammersmith and Fulham 013","E02000384",3807,1507,1664,200,216,220
2021,"Hammersmith and Fulham 014","E02000385",2850,1188,1275,63,161,163
2021,"Hammersmith and Fulham 015","E02000386",3366,1235,1547,225,171,188
2021,"Hammersmith and Fulham 016","E02000387",2587,933,1220,115,121,198
2021,"Hammersmith and Fulham 017","E02000388",4134,1592,2007,117,210,208
2021,"Hammersmith and Fulham 018","E02000389",3676,1128,1980,105,232,231
2021,"Hammersmith and Fulham 019","E02000390",2719,901,1438,94,140,146
2021,"Hammersmith and Fulham 020","E02000391",3281,1109,1724,93,199,156
2021,"Hammersmith and Fulham 021","E02000392",4041,1398,2068,168,213,194
2021,"Hammersmith and Fulham 022","E02000393",2588,759,1471,58,173,127
2021,"Hammersmith and Fulham 023","E02000394",4346,1647,2142,190,223,144
2021,"Hammersmith and Fulham 024","E02000395",2640,895,1421,58,148,118
2021,"Hammersmith and Fulham 025","E02000396",2770,789,1540,115,174,152
2021,"Haringey 001","E02000397",3472,1231,1593,227,205,216
2021,"Haringey 002","E02000398",2880,941,1331,295,106,207
2021,"Haringey 004","E02000400",3119,872,1642,275,164,166
2021,"Haringey 005","E02000401",2477,615,1280,279,123,180
2021,"Haringey 006","E02000402",2424,672,1217,266,97,172
2021,"Haringey 007","E02000403",2993,884,1430,188,183,308
2021,"Haringey 008","E02000404",2664,738,1228,274,136,288
2021,"Haringey 009","E02000405",2463,584,1621,59,132,67
2021,"Haringey 010","E02000406",2597,727,1273,224,126,247
2021,"Haringey 011","E02000407",3004,960,1400,263,137,244
2021,"Haringey 012","E02000408",3000,852,1473,315,121,239
2021,"Haringey 013","E02000409",2371,710,1104,259,105,193
2021,"Haringey 014","E02000410",2613,752,1556,70,148,87
2021,"Haringey 015","E02000411",3952,1104,1957,345,233,313
2021,"Haringey 016","E02000412",2869,969,1247,246,157,250
2021,"Haringey 017","E02000413",2964,753,1799,138,175,99
2021,"Haringey 018","E02000414",2718,768,1415,177,116,242
2021,"Haringey 019","E02000415",2838,842,1363,203,148,282
2021,"Haringey 020","E02000416",3919,1425,1969,205,205,115
2021,"Haringey 021","E02000417",2867,951,1633,59,151,73
2021,"Haringey 022","E02000418",2212,528,1489,43,97,55
2021,"Haringey 023","E02000419",3645,1110,1755,226,231,323
2021,"Haringey 024","E02000420",3434,1184,1574,252,166,258
2021,"Haringey 025","E02000421",3140,1013,1425,281,142,279
2021,"Haringey 026","E02000422",2887,880,1409,230,150,218
2021,"Haringey 027","E02000423",2672,754,1312,206,129,271
2021,"Haringey 028","E02000424",2984,984,1673,85,149,93
2021,"Haringey 029","E02000425",2163,464,1209,124,151,215
2021,"Haringey 030","E02000426",2741,857,1557,84,147,96
2021,"Haringey 031","E02000427",2870,926,1452,119,172,201
2021,"Haringey 032","E02000428",2921,847,1337,304,152,281
2021,"Haringey 033","E02000429",3202,1215,1631,74,203,79
2021,"Haringey 034","E02000430",3248,1217,1666,69,201,95
2021,"Haringey 035","E02000431",2845,1013,1504,56,198,74
2021,"Haringey 036","E02000432",2797,982,1511,71,119,114
2021,"Harrow 001","E02000433",3544,1099,1989,173,136,147
2021,"Harrow 002","E02000434",3638,920,2110,210,172,226
2021,"Harrow 003","E02000435",2812,671,1639,196,97,209
2021,"Harrow 004","E02000436",2044,339,1452,86,51,116
2021,"Harrow 005","E02000437",3089,753,1787,225,127,197
2021,"Harrow 006","E02000438",3044,756,1782,208,109,189
2021,"Harrow 007","E02000439",2948,614,1571,308,154,301
2021,"Harrow 008","E02000440",3055,474,1980,225,124,252
2021,"Harrow 009","E02000441",2794,730,1642,196,107,119
2021,"Harrow 010","E02000442",2667,405,1401,340,127,394
2021,"Harrow 011","E02000443",3546,785,1954,346,160,301
2021,"Harrow 012","E02000444",2669,418,1540,315,135,261
2021,"Harrow 013","E02000445",3820,875,2060,355,202,328
2021,"Harrow 015","E02000447",2742,461,1765,243,119,154
2021,"Harrow 016","E02000448",2760,726,1720,102,104,108
2021,"Harrow 017","E02000449",2527,444,1386,283,105,309
2021,"Harrow 019","E02000451",2328,457,1472,157,95,147
2021,"Harrow 020","E02000452",3452,905,1779,277,217,274
2021,"Harrow 021","E02000453",3046,692,1757,258,164,175
2021,"Harrow 022","E02000454",2524,423,1735,159,107,100
2021,"Harrow 023","E02000455",4758,1464,2481,290,274,249
2021,"Harrow 024","E02000456",2718,720,1429,225,145,199
2021,"Harrow 025","E02000457",2563,556,1511,208,130,158
2021,"Harrow 027","E02000459",3418,870,1767,382,192,207
2021,"Harrow 028","E02000460",2414,488,1331,297,131,167
2021,"Harrow 029","E02000461",2559,731,1430,145,126,127
2021,"Harrow 030","E02000462",2287,498,1195,252,122,220
2021,"Harrow 031","E02000463",2833,522,1578,382,124,227
2021,"Havering 001","E02000464",2871,739,1920,87,62,63
2021,"Havering 002","E02000465",3492,945,2211,138,99,99
2021,"Havering 003","E02000466",3293,710,2372,79,70,62
2021,"Havering 004","E02000467",4292,1292,2620,161,111,108
2021,"Havering 005","E02000468",3165,728,2182,104,64,87
2021,"Havering 006","E02000469",2698,710,1728,106,57,97
2021,"Havering 007","E02000470",4131,1190,2683,78,117,63
2021,"Havering 008","E02000471",2941,615,2151,51,64,60
2021,"Havering 009","E02000472",3527,772,2491,82,82,100
2021,"Havering 010","E02000473",4022,960,2840,80,73,69
2021,"Havering 011","E02000474",3532,1001,2234,109,85,103
2021,"Havering 012","E02000475",3958,1114,2607,80,90,67
2021,"Havering 013","E02000476",4198,1533,2227,138,190,110
2021,"Havering 014","E02000477",3715,830,2708,44,75,58
2021,"Havering 015","E02000478",2150,449,1507,51,43,100
2021,"Havering 016","E02000479",3789,1129,2278,141,122,119
2021,"Havering 017","E02000480",5013,1206,3122,231,216,238
2021,"Havering 018","E02000481",3243,817,2304,38,36,48
2021,"Havering 019","E02000482",2577,635,1859,23,35,25
2021,"Havering 020","E02000483",3473,1136,2146,72,79,40
2021,"Havering 021","E02000484",3253,776,2311,52,56,58
2021,"Havering 022","E02000485",3453,886,2392,58,63,54
2021,"Havering 023","E02000486",2989,823,1987,58,58,63
2021,"Havering 024","E02000487",2945,522,2348,16,32,27
2021,"Havering 025","E02000488",3012,719,2159,38,52,44
2021,"Havering 026","E02000489",3260,760,2235,91,95,79
2021,"Havering 027","E02000490",3225,832,2177,79,63,74
2021,"Havering 028","E02000491",3934,1012,2539,127,110,146
2021,"Havering 029","E02000492",2622,645,1823,46,49,59
2021,"Havering 030","E02000493",2498,639,1601,101,71,86
2021,"Hillingdon 001","E02000494",3217,917,1978,103,105,114
2021,"Hillingdon 002","E02000495",4303,1363,2416,211,172,141
2021,"Hillingdon 003","E02000496",3176,941,2082,48,63,42
2021,"Hillingdon 004","E02000497",3692,988,2325,148,126,105
2021,"Hillingdon 005","E02000498",2637,766,1717,55,58,41
2021,"Hillingdon 006","E02000499",3014,722,2019,82,100,91
2021,"Hillingdon 007","E02000500",3307,844,2164,83,122,94
2021,"Hillingdon 008","E02000501",3275,779,2200,89,115,92
2021,"Hillingdon 009","E02000502",3530,990,2169,139,138,94
2021,"Hillingdon 010","E02000503",3254,663,2264,108,123,96
2021,"Hillingdon 011","E02000504",2922,677,2043,53,73,76
2021,"Hillingdon 013","E02000506",2899,625,1960,87,101,126
2021,"Hillingdon 014","E02000507",2781,506,1870,142,123,140
2021,"Hillingdon 015","E02000508",4338,1347,2360,217,228,186
2021,"Hillingdon 016","E02000509",3402,1079,1756,170,162,235
2021,"Hillingdon 017","E02000510",3262,797,2041,153,131,140
2021,"Hillingdon 018","E02000511",3262,678,1951,276,138,219
2021,"Hillingdon 019","E02000512",3106,758,1816,209,141,182
2021,"Hillingdon 020","E02000513",3323,728,1813,419,185,178
2021,"Hillingdon 021","E02000514",3180,496,1706,419,195,364
2021,"Hillingdon 022","E02000515",5345,1665,2958,255,243,224
2021,"Hillingdon 023","E02000516",2817,547,1589,287,135,259
2021,"Hillingdon 024","E02000517",3321,659,1902,311,199,250
2021,"Hillingdon 025","E02000518",3329,753,2057,217,126,176
2021,"Hillingdon 026","E02000519",3021,654,1612,318,161,276
2021,"Hillingdon 027","E02000520",4455,964,2351,436,292,412
2021,"Hillingdon 028","E02000521",4351,861,2629,343,247,271
2021,"Hillingdon 029","E02000522",3488,848,2070,223,173,174
2021,"Hillingdon 030","E02000523",3683,760,1906,384,222,411
2021,"Hillingdon 031","E02000524",2639,697,1486,146,115,195
2021,"Hillingdon 032","E02000525",3319,717,1798,326,208,270
2021,"Hounslow 001","E02000526",3619,1120,2033,101,213,152
2021,"Hounslow 004","E02000529",3035,588,1598,360,182,307
2021,"Hounslow 005","E02000530",2517,523,1292,300,154,248
2021,"Hounslow 006","E02000531",4934,1610,2614,229,302,179
2021,"Hounslow 007","E02000532",3818,1195,2142,131,203,147
2021,"Hounslow 008","E02000533",3688,1216,2084,106,186,96
2021,"Hounslow 009","E02000534",2999,671,1740,179,160,249
2021,"Hounslow 010","E02000535",3005,592,1562,295,162,394
2021,"Hounslow 011","E02000536",3245,593,1732,324,213,383
2021,"Hounslow 012","E02000537",3155,584,1691,296,170,414
2021,"Hounslow 013","E02000538",3005,527,1583,326,190,379
2021,"Hounslow 014","E02000539",4734,1256,2722,302,262,192
2021,"Hounslow 015","E02000540",4488,1177,2413,300,259,339
2021,"Hounslow 016","E02000541",3281,662,1717,365,158,379
2021,"Hounslow 017","E02000542",3952,963,1961,385,245,398
2021,"Hounslow 018","E02000543",4892,1098,2683,410,298,403
2021,"Hounslow 019","E02000544",2922,563,1720,227,152,260
2021,"Hounslow 020","E02000545",3548,1008,1944,254,177,165
2021,"Hounslow 021","E02000546",3158,556,1688,350,208,356
2021,"Hounslow 022","E02000547",3852,999,2087,309,171,286
2021,"Hounslow 023","E02000548",3727,1034,2075,266,154,198
2021,"Hounslow 024","E02000549",4083,879,2367,328,186,323
2021,"Hounslow 025","E02000550",3717,755,2240,323,178,221
2021,"Hounslow 026","E02000551",3415,876,1903,299,145,192
2021,"Hounslow 027","E02000552",3359,829,1968,247,159,156
2021,"Hounslow 028","E02000553",2600,661,1579,143,103,114
2021,"Islington 001","E02000554",4198,1558,1992,261,200,187
2021,"Islington 002","E02000555",4033,1280,2142,208,173,230
2021,"Islington 003","E02000556",4949,1751,2483,167,248,300
2021,"Islington 004","E02000557",4140,1631,1985,141,180,203
2021,"Islington 005","E02000558",3960,1424,1750,350,199,237
2021,"Islington 006","E02000559",3993,1223,2194,161,236,179
2021,"Islington 007","E02000560",3274,1101,1628,138,182,225
2021,"Islington 008","E02000561",3156,1038,1736,61,176,145
2021,"Islington 009","E02000562",3487,1230,1787,139,197,134
2021,"Islington 010","E02000563",3858,1428,1802,221,175,232
2021,"Islington 011","E02000564",5664,2022,2812,216,312,302
2021,"Islington 012","E02000565",3495,1162,1745,236,178,174
2021,"Islington 013","E02000566",3836,1305,2101,97,198,135
2021,"Islington 014","E02000567",4895,1707,2579,166,247,196
2021,"Islington 015","E02000568",4669,1739,2151,273,227,279
2021,"Islington 016","E02000569",4600,1642,2390,179,209,180
2021,"Islington 017","E02000570",3990,1465,2137,61,194,133
2021,"Islington 018","E02000571",4124,1517,2013,187,221,186
2021,"Islington 019","E02000572",3522,1181,1565,285,188,303
2021,"Islington 020","E02000573",4921,1861,2445,119,268,228
2021,"Islington 021","E02000574",3605,1498,1669,96,171,171
2021,"Islington 022","E02000575",5169,2108,2283,205,302,271
2021,"Islington 023","E02000576",4953,1925,2233,281,264,250
2021,"Kensington and Chelsea 001","E02000577",3174,1238,1309,277,169,181
2021,"Kensington and Chelsea 002","E02000578",2309,823,1068,182,106,130
2021,"Kensington and Chelsea 003","E02000579",3820,1492,1758,166,189,215
2021,"Kensington and Chelsea 004","E02000580",3988,1951,1545,167,159,166
2021,"Kensington and Chelsea 005","E02000581",3008,1154,1315,232,130,177
2021,"Kensington and Chelsea 006","E02000582",3269,1660,1263,63,174,109
2021,"Kensington and Chelsea 007","E02000583",3118,1324,1447,71,165,111
2021,"Kensington and Chelsea 008","E02000584",3331,1327,1542,104,237,121
2021,"Kensington and Chelsea 009","E02000585",3385,1253,1505,135,250,242
2021,"Kensington and Chelsea 010","E02000586",2879,1147,1238,96,209,189
2021,"Kensington and Chelsea 011","E02000587",3027,1157,1437,74,233,126
2021,"Kensington and Chelsea 012","E02000588",3077,1357,1332,99,169,120
2021,"Kensington and Chelsea 013","E02000589",3657,1795,1323,94,242,203
2021,"Kensington and Chelsea 014","E02000590",3047,1584,1071,112,151,129
2021,"Kensington and Chelsea 015","E02000591",3241,1589,1177,137,198,140
2021,"Kensington and Chelsea 016","E02000592",2839,1287,1113,90,221,128
2021,"Kensington and Chelsea 017","E02000593",3685,1726,1370,131,221,237
2021,"Kensington and Chelsea 018","E02000594",2922,1334,1219,79,139,151
2021,"Kensington and Chelsea 019","E02000595",3029,1441,1229,61,175,123
2021,"Kensington and Chelsea 020","E02000596",3073,1303,1301,86,198,185
2021,"Kensington and Chelsea 021","E02000597",2999,1290,1186,224,165,134
2021,"Kingston upon Thames 001","E02000598",2968,623,1961,116,191,77
2021,"Kingston upon Thames 002","E02000599",2351,435,1525,124,138,129
2021,"Kingston upon Thames 003","E02000600",3378,973,1905,167,175,158
2021,"Kingston upon Thames 004","E02000601",4858,1311,2904,185,326,132
2021,"Kingston upon Thames 005","E02000602",4045,1302,2177,193,201,172
2021,"Kingston upon Thames 006","E02000603",2953,621,1725,257,146,204
2021,"Kingston upon Thames 007","E02000604",3557,893,2057,220,214,173
2021,"Kingston upon Thames 008","E02000605",3115,732,1898,173,170,142
2021,"Kingston upon Thames 009","E02000606",4811,1760,2499,120,260,172
2021,"Kingston upon Thames 010","E02000607",2582,737,1606,48,105,86
2021,"Kingston upon Thames 011","E02000608",3406,1365,1698,71,206,66
2021,"Kingston upon Thames 012","E02000609",2737,645,1613,206,121,152
2021,"Kingston upon Thames 013","E02000610",3870,1603,1901,101,178,87
2021,"Kingston upon Thames 014","E02000611",2652,487,1876,99,117,73
2021,"Kingston upon Thames 015","E02000612",3079,651,2051,138,144,95
2021,"Kingston upon Thames 016","E02000613",3195,810,2058,107,143,77
2021,"Kingston upon Thames 017","E02000614",3375,736,2029,275,162,173
2021,"Kingston upon Thames 018","E02000615",2957,660,2003,114,87,93
2021,"Kingston upon Thames 019","E02000616",2390,559,1662,65,63,41
2021,"Kingston upon Thames 020","E02000617",3344,813,2241,102,107,81
2021,"Lambeth 002","E02000619",4054,1540,1904,232,157,221
2021,"Lambeth 003","E02000620",4587,1735,2214,214,155,269
2021,"Lambeth 004","E02000621",6009,2440,2735,181,310,343
2021,"Lambeth 005","E02000622",3633,1179,1915,156,135,248
2021,"Lambeth 006","E02000623",3333,1103,1595,282,135,218
2021,"Lambeth 007","E02000624",4269,1453,2236,199,179,202
2021,"Lambeth 008","E02000625",3797,1158,1890,274,171,304
2021,"Lambeth 009","E02000626",3449,1165,1717,239,122,206
2021,"Lambeth 010","E02000627",3913,1162,2167,202,163,219
2021,"Lambeth 011","E02000628",4483,1540,2135,314,187,307
2021,"Lambeth 012","E02000629",4016,1199,2347,142,140,188
2021,"Lambeth 013","E02000630",3428,1118,1986,70,142,112
2021,"Lambeth 014","E02000631",3739,1003,2288,122,123,203
2021,"Lambeth 015","E02000632",4261,1191,2633,80,154,203
2021,"Lambeth 016","E02000633",3962,1403,2029,197,112,221
2021,"Lambeth 017","E02000634",3106,1124,1585,135,114,148
2021,"Lambeth 018","E02000635",4335,1447,2411,134,152,191
2021,"Lambeth 019","E02000636",3079,752,2003,65,128,131
2021,"Lambeth 020","E02000637",3704,1117,2192,72,150,173
2021,"Lambeth 021","E02000638",4106,1272,2256,175,178,225
2021,"Lambeth 022","E02000639",3725,1313,1792,219,145,256
2021,"Lambeth 023","E02000640",3802,984,2417,104,161,136
2021,"Lambeth 024","E02000641",3390,1024,1798,269,118,181
2021,"Lambeth 025","E02000642",4170,1288,2485,108,155,134
2021,"Lambeth 026","E02000643",3948,1255,2175,125,134,259
2021,"Lambeth 027","E02000644",3493,984,2044,140,153,172
2021,"Lambeth 028","E02000645",4047,1213,2402,135,161,136
2021,"Lambeth 029","E02000646",3905,1141,2205,127,180,252
2021,"Lambeth 030","E02000647",3422,991,2042,111,125,153
2021,"Lambeth 031","E02000648",3188,1013,1801,181,92,101
2021,"Lambeth 032","E02000649",5304,1669,2888,217,246,284
2021,"Lambeth 033","E02000650",3274,1042,1871,117,131,113
2021,"Lambeth 034","E02000651",3479,1035,1945,126,147,226
2021,"Lambeth 035","E02000652",2544,574,1494,130,120,226
2021,"Lewisham 001","E02000653",5293,1679,2586,285,342,401
2021,"Lewisham 002","E02000654",3596,1132,1839,248,166,211
2021,"Lewisham 003","E02000655",4008,1238,2152,208,207,203
2021,"Lewisham 005","E02000657",3990,1290,2188,137,156,219
2021,"Lewisham 006","E02000658",3457,961,2062,140,117,177
2021,"Lewisham 007","E02000659",3541,1089,2079,113,163,97
2021,"Lewisham 008","E02000660",3603,1145,2055,100,173,130
2021,"Lewisham 009","E02000661",3045,1136,1631,66,127,85
2021,"Lewisham 010","E02000662",3303,926,1979,113,149,136
2021,"Lewisham 011","E02000663",2819,843,1631,83,119,143
2021,"Lewisham 013","E02000665",3414,1035,2018,109,133,119
2021,"Lewisham 014","E02000666",2735,673,1782,78,101,101
2021,"Lewisham 015","E02000667",2524,583,1712,45,97,87
2021,"Lewisham 016","E02000668",2727,726,1705,79,124,93
2021,"Lewisham 017","E02000669",3307,1005,1870,119,161,152
2021,"Lewisham 018","E02000670",2783,903,1519,107,92,162
2021,"Lewisham 019","E02000671",3683,1086,2260,77,154,106
2021,"Lewisham 020","E02000672",4197,1403,2234,161,177,222
2021,"Lewisham 021","E02000673",3496,1037,2145,81,157,76
2021,"Lewisham 022","E02000674",3059,780,1908,117,103,151
2021,"Lewisham 023","E02000675",3420,962,2093,112,137,116
2021,"Lewisham 024","E02000676",3189,856,2069,74,118,72
2021,"Lewisham 025","E02000677",2642,721,1582,96,101,142
2021,"Lewisham 026","E02000678",2614,737,1554,115,86,122
2021,"Lewisham 027","E02000679",3374,1079,1968,104,123,100
2021,"Lewisham 028","E02000680",2913,884,1720,97,120,92
2021,"Lewisham 029","E02000681",3351,1039,1961,134,104,113
2021,"Lewisham 030","E02000682",3219,834,1925,208,104,148
2021,"Lewisham 031","E02000683",2724,856,1578,97,93,100
2021,"Lewisham 033","E02000685",3423,1120,1942,135,121,105
2021,"Lewisham 034","E02000686",3045,1007,1700,157,88,93
2021,"Lewisham 035","E02000687",3455,1059,2069,104,122,101
2021,"Merton 001","E02000689",3512,764,2278,105,227,138
2021,"Merton 002","E02000690",2222,591,1388,55,115,73
2021,"Merton 003","E02000691",2958,771,1783,101,168,135
2021,"Merton 004","E02000692",3569,1308,1859,94,221,87
2021,"Merton 005","E02000693",4282,1229,2471,150,260,172
2021,"Merton 006","E02000694",3834,1052,2294,114,236,138
2021,"Merton 007","E02000695",2942,607,1694,218,135,288
2021,"Merton 008","E02000696",3270,839,1840,219,158,214
2021,"Merton 009","E02000697",3666,981,2182,117,243,143
2021,"Merton 010","E02000698",3182,791,2001,110,185,95
2021,"Merton 011","E02000699",3263,798,1987,138,221,119
2021,"Merton 012","E02000700",3357,900,1895,233,147,182
2021,"Merton 013","E02000701",3114,711,1742,272,134,255
2021,"Merton 014","E02000702",3369,861,1864,297,156,191
2021,"Merton 015","E02000703",2937,606,1912,98,164,157
2021,"Merton 016","E02000704",3572,1054,2010,136,210,162
2021,"Merton 017","E02000705",3115,640,1831,219,152,273
2021,"Merton 018","E02000706",3535,852,1918,336,169,260
2021,"Merton 019","E02000707",2779,617,1710,188,78,186
2021,"Merton 020","E02000708",3255,711,2033,162,198,151
2021,"Merton 021","E02000709",2867,590,1878,127,138,134
2021,"Merton 022","E02000710",3439,970,1917,215,159,178
2021,"Merton 023","E02000711",3458,839,1921,241,211,246
2021,"Merton 024","E02000712",3404,825,1990,238,135,216
2021,"Merton 025","E02000713",2832,553,1961,126,93,99
2021,"Newham 001","E02000714",2647,616,1393,240,145,253
2021,"Newham 002","E02000715",2091,409,918,358,161,245
2021,"Newham 003","E02000716",2301,500,1141,271,128,261
2021,"Newham 004","E02000717",2395,459,1050,365,168,353
2021,"Newham 005","E02000718",2248,490,1009,355,169,225
2021,"Newham 006","E02000719",2877,795,1382,224,165,311
2021,"Newham 007","E02000720",2122,409,1034,212,143,324
2021,"Newham 008","E02000721",2764,603,1158,380,209,414
2021,"Newham 009","E02000722",2934,850,1394,227,141,322
2021,"Newham 010","E02000723",2862,416,1245,463,172,566
2021,"Newham 011","E02000724",2534,384,1082,396,205,467
2021,"Newham 012","E02000725",4000,1142,1956,295,217,390
2021,"Newham 014","E02000727",2290,357,990,355,168,420
2021,"Newham 015","E02000728",2341,348,1114,349,141,389
2021,"Newham 016","E02000729",2201,526,1019,222,101,333
2021,"Newham 017","E02000730",2566,456,1072,336,161,541
2021,"Newham 018","E02000731",2769,492,1276,397,178,426
2021,"Newham 019","E02000732",2752,593,1297,385,198,279
2021,"Newham 020","E02000733",3461,879,1662,334,169,417
2021,"Newham 021","E02000734",2496,686,1161,223,148,278
2021,"Newham 022","E02000735",2659,622,1246,305,153,333
2021,"Newham 023","E02000736",2653,430,1375,372,182,294
2021,"Newham 024","E02000737",3066,598,1537,383,194,354
2021,"Newham 025","E02000738",2785,508,1414,323,204,336
2021,"Newham 026","E02000739",2479,611,1169,272,147,280
2021,"Newham 027","E02000740",2495,687,1242,228,113,225
2021,"Newham 028","E02000741",2688,590,1355,322,175,246
2021,"Newham 029","E02000742",2528,481,1338,294,139,276
2021,"Newham 030","E02000743",3578,923,1794,331,208,322
2021,"Newham 031","E02000744",3326,883,1725,258,188,272
2021,"Newham 032","E02000745",2876,646,1514,279,147,290
2021,"Newham 033","E02000746",3393,898,1760,282,212,241
2021,"Newham 034","E02000747",5447,1606,2783,293,360,405
2021,"Newham 035","E02000748",2209,501,1167,240,115,186
2021,"Newham 036","E02000749",3328,866,1766,282,156,258
2021,"Redbridge 001","E02000751",4438,1187,2842,113,151,145
2021,"Redbridge 002","E02000752",3264,904,1828,235,145,152
2021,"Redbridge 003","E02000753",2474,600,1498,172,88,116
2021,"Redbridge 004","E02000754",2590,638,1629,119,108,96
2021,"Redbridge 005","E02000755",2187,650,1296,89,83,69
2021,"Redbridge 006","E02000756",5258,1338,3027,360,230,303
2021,"Redbridge 007","E02000757",5179,1556,3097,165,205,156
2021,"Redbridge 008","E02000758",2320,548,1320,183,93,176
2021,"Redbridge 009","E02000759",4821,1122,2951,262,257,229
2021,"Redbridge 010","E02000760",2629,636,1479,225,136,153
2021,"Redbridge 012","E02000762",2105,434,1187,162,117,205
2021,"Redbridge 013","E02000763",2577,506,1416,283,156,216
2021,"Redbridge 014","E02000764",5367,1848,2951,131,253,184
2021,"Redbridge 015","E02000765",2425,491,1306,275,132,221
2021,"Redbridge 017","E02000767",2768,588,1508,290,154,228
2021,"Redbridge 018","E02000768",2200,537,1432,58,94,79
2021,"Redbridge 020","E02000770",2489,524,1266,301,140,258
2021,"Redbridge 022","E02000772",2539,528,1296,284,158,273
2021,"Redbridge 023","E02000773",3113,487,1693,399,208,326
2021,"Redbridge 024","E02000774",2461,487,1244,283,146,301
2021,"Redbridge 026","E02000776",2081,403,1105,206,155,212
2021,"Redbridge 027","E02000777",2324,631,1455,69,97,72
2021,"Redbridge 029","E02000779",2774,671,1322,301,210,270
2021,"Redbridge 031","E02000781",4428,774,2341,460,267,586
2021,"Redbridge 032","E02000782",3577,727,1703,499,260,388
2021,"Redbridge 033","E02000783",2116,416,966,302,148,284
2021,"Richmond upon Thames 001","E02000784",4174,1239,2453,123,246,113
2021,"Richmond upon Thames 002","E02000785",4162,1247,2535,71,215,94
2021,"Richmond upon Thames 003","E02000786",4944,1588,2898,106,240,112
2021,"Richmond upon Thames 004","E02000787",5173,1574,2982,195,308,114
2021,"Richmond upon Thames 005","E02000788",3624,1000,2280,86,167,91
2021,"Richmond upon Thames 006","E02000789",2845,1035,1523,69,168,50
2021,"Richmond upon Thames 007","E02000790",2704,738,1732,45,147,42
2021,"Richmond upon Thames 008","E02000791",2969,1056,1555,79,226,53
2021,"Richmond upon Thames 009","E02000792",3101,1041,1737,65,201,57
2021,"Richmond upon Thames 010","E02000793",3137,815,2014,96,107,105
2021,"Richmond upon Thames 011","E02000794",2759,670,1803,79,136,71
2021,"Richmond upon Thames 012","E02000795",2586,627,1692,60,149,58
2021,"Richmond upon Thames 013","E02000796",3981,922,2488,212,176,183
2021,"Richmond upon Thames 014","E02000797",3481,1165,2042,66,150,58
2021,"Richmond upon Thames 015","E02000798",4324,1014,2887,144,176,103
2021,"Richmond upon Thames 016","E02000799",2440,685,1599,33,88,35
2021,"Richmond upon Thames 017","E02000800",2157,639,1238,102,124,54
2021,"Richmond upon Thames 018","E02000801",3018,901,1905,53,120,39
2021,"Richmond upon Thames 019","E02000802",2976,915,1869,46,99,47
2021,"Richmond upon Thames 020","E02000803",4097,1308,2431,122,145,91
2021,"Richmond upon Thames 021","E02000804",3168,1068,1874,35,137,54
2021,"Richmond upon Thames 022","E02000805",4634,1462,2817,100,192,63
2021,"Richmond upon Thames 023","E02000806",4254,1168,2822,55,144,65
2021,"Southwark 001","E02000807",3734,1164,1982,94,254,240
2021,"Southwark 002","E02000808",4696,2000,2115,104,267,210
2021,"Southwark 004","E02000810",5395,1903,2707,207,246,332
2021,"Southwark 006","E02000812",4533,1640,2183,181,208,321
2021,"Southwark 007","E02000813",4483,1481,2273,190,208,331
2021,"Southwark 008","E02000814",4588,1456,2318,118,359,337
2021,"Southwark 009","E02000815",3233,1089,1601,134,170,239
2021,"Southwark 010","E02000816",4142,1405,2140,159,189,249
2021,"Southwark 011","E02000817",2925,1100,1439,117,91,178
2021,"Southwark 012","E02000818",4489,1619,2175,199,218,278
2021,"Southwark 013","E02000819",3555,1290,1683,224,156,202
2021,"Southwark 014","E02000820",4228,1721,1937,163,176,231
2021,"Southwark 015","E02000821",3134,804,1717,217,95,301
2021,"Southwark 016","E02000822",2773,890,1423,190,107,163
2021,"Southwark 017","E02000823",3634,1190,1847,195,131,271
2021,"Southwark 018","E02000824",3792,1127,2060,249,135,221
2021,"Southwark 019","E02000825",3891,1179,2088,276,116,232
2021,"Southwark 020","E02000826",4023,1352,2122,182,163,204
2021,"Southwark 021","E02000827",5018,1818,2483,270,218,229
2021,"Southwark 022","E02000828",3594,1184,1865,240,119,186
2021,"Southwark 023","E02000829",4736,1681,2563,158,138,196
2021,"Southwark 024","E02000830",3762,1142,2196,101,136,187
2021,"Southwark 025","E02000831",4052,1226,2432,119,155,120
2021,"Southwark 026","E02000832",4101,1366,2363,126,119,127
2021,"Southwark 027","E02000833",3046,939,1721,131,114,141
2021,"Southwark 028","E02000834",4104,1278,2504,57,162,103
2021,"Southwark 029","E02000835",3027,781,1962,97,106,81
2021,"Southwark 030","E02000836",3337,855,2210,46,140,86
2021,"Southwark 031","E02000837",3150,618,2246,66,144,76
2021,"Southwark 032","E02000838",3924,1110,2428,91,177,118
2021,"Southwark 033","E02000839",3428,979,2070,134,142,103
2021,"Sutton 001","E02000840",3476,873,2191,177,125,110
2021,"Sutton 002","E02000841",3300,746,2077,219,117,141
2021,"Sutton 003","E02000842",2959,594,2003,146,110,106
2021,"Sutton 004","E02000843",3980,1200,2381,145,187,67
2021,"Sutton 005","E02000844",3219,771,2114,133,110,91
2021,"Sutton 006","E02000845",3609,826,2370,164,168,81
2021,"Sutton 007","E02000846",2786,612,1794,166,119,95
2021,"Sutton 008","E02000847",3683,952,2375,147,124,85
2021,"Sutton 009","E02000848",2916,607,1995,152,90,72
2021,"Sutton 010","E02000849",3251,874,2111,117,97,52
2021,"Sutton 011","E02000850",4089,938,2721,186,137,107
2021,"Sutton 012","E02000851",5036,1705,2672,265,243,151
2021,"Sutton 013","E02000852",3250,895,2011,134,114,96
2021,"Sutton 014","E02000853",3202,825,1981,172,137,87
2021,"Sutton 015","E02000854",3085,815,2048,72,106,44
2021,"Sutton 016","E02000855",3213,839,2101,96,103,74
2021,"Sutton 017","E02000856",3799,1131,2315,149,123,81
2021,"Sutton 018","E02000857",4080,1547,2043,211,188,91
2021,"Sutton 019","E02000858",3309,960,1993,182,102,72
2021,"Sutton 020","E02000859",3491,1118,2115,110,84,64
2021,"Sutton 021","E02000860",4118,1718,1921,176,200,103
2021,"Sutton 022","E02000861",2863,501,2097,98,109,58
2021,"Sutton 024","E02000863",2421,465,1725,89,81,61
2021,"Tower Hamlets 001","E02000864",4665,1526,2351,272,272,244
2021,"Tower Hamlets 002","E02000865",2891,986,1237,239,157,272
2021,"Tower Hamlets 003","E02000866",4151,1210,2236,167,190,348
2021,"Tower Hamlets 004","E02000867",4871,1509,2454,254,318,336
2021,"Tower Hamlets 005","E02000868",2785,835,1307,187,208,248
2021,"Tower Hamlets 006","E02000869",2525,952,1110,136,143,184
2021,"Tower Hamlets 007","E02000870",2422,718,1133,186,162,223
2021,"Tower Hamlets 008","E02000871",4228,1247,1834,452,310,385
2021,"Tower Hamlets 009","E02000872",3191,994,1364,261,216,356
2021,"Tower Hamlets 010","E02000873",2921,778,1314,321,212,296
2021,"Tower Hamlets 011","E02000874",2525,685,1086,289,187,278
2021,"Tower Hamlets 012","E02000875",5079,1508,2286,527,382,376
2021,"Tower Hamlets 013","E02000876",2778,967,1109,230,189,283
2021,"Tower Hamlets 014","E02000877",4913,1258,2240,509,354,552
2021,"Tower Hamlets 015","E02000878",4011,1439,1561,300,236,475
2021,"Tower Hamlets 016","E02000879",3047,969,1234,320,209,315
2021,"Tower Hamlets 017","E02000880",2281,675,943,247,129,287
2021,"Tower Hamlets 018","E02000881",3853,1024,1774,399,269,387
2021,"Tower Hamlets 019","E02000882",3810,1033,1686,442,288,361
2021,"Tower Hamlets 020","E02000883",3031,804,1311,366,212,338
2021,"Tower Hamlets 021","E02000884",5112,1801,2120,353,318,520
2021,"Tower Hamlets 022","E02000885",2391,757,889,311,159,275
2021,"Tower Hamlets 023","E02000886",3823,1217,1684,249,295,378
2021,"Tower Hamlets 024","E02000887",3947,1145,1761,395,278,368
2021,"Tower Hamlets 025","E02000888",3353,1073,1426,282,299,273
2021,"Tower Hamlets 026","E02000889",3808,1365,1665,203,301,274
2021,"Tower Hamlets 027","E02000890",2891,1113,1374,63,198,143
2021,"Tower Hamlets 030","E02000893",2988,874,1442,202,223,247
2021,"Tower Hamlets 031","E02000894",4463,1274,2198,266,356,369
2021,"Waltham Forest 001","E02000895",3276,964,1997,95,106,114
2021,"Waltham Forest 002","E02000896",3836,1195,2346,92,120,83
2021,"Waltham Forest 003","E02000897",3367,982,2077,148,87,73
2021,"Waltham Forest 004","E02000898",3203,945,1956,104,107,91
2021,"Waltham Forest 005","E02000899",3225,816,1941,156,154,158
2021,"Waltham Forest 006","E02000900",3119,731,1840,225,135,188
2021,"Waltham Forest 007","E02000901",3851,804,2674,116,151,106
2021,"Waltham Forest 008","E02000902",3518,797,2100,248,192,181
2021,"Waltham Forest 009","E02000903",3468,709,2080,269,180,230
2021,"Waltham Forest 010","E02000904",3108,796,1827,155,146,184
2021,"Waltham Forest 011","E02000905",3630,748,2201,205,204,272
2021,"Waltham Forest 012","E02000906",3627,838,2081,248,215,245
2021,"Waltham Forest 013","E02000907",4067,1285,2051,292,208,231
2021,"Waltham Forest 014","E02000908",5239,1570,2750,280,328,311
2021,"Waltham Forest 015","E02000909",3569,929,2097,171,196,176
2021,"Waltham Forest 016","E02000910",4404,1158,2393,271,288,294
2021,"Waltham Forest 017","E02000911",4849,1243,2597,327,286,396
2021,"Waltham Forest 018","E02000912",3272,718,1822,225,198,309
2021,"Waltham Forest 019","E02000913",3115,715,1713,185,205,297
2021,"Waltham Forest 020","E02000914",3972,1037,1932,366,251,386
2021,"Waltham Forest 021","E02000915",3285,1008,1785,116,178,198
2021,"Waltham Forest 022","E02000916",3984,1077,2097,248,249,313
2021,"Waltham Forest 023","E02000917",3648,887,2084,194,233,250
2021,"Waltham Forest 024","E02000918",3408,917,1825,196,195,275
2021,"Waltham Forest 025","E02000919",3357,800,1807,181,221,348
2021,"Waltham Forest 026","E02000920",3816,1102,1863,254,241,356
2021,"Waltham Forest 027","E02000921",4058,1068,2166,287,200,337
2021,"Waltham Forest 028","E02000922",3635,858,2016,248,174,339
2021,"Wandsworth 001","E02000923",3466,1255,1739,105,179,188
2021,"Wandsworth 003","E02000925",3363,1062,1767,171,154,209
2021,"Wandsworth 004","E02000926",5552,2013,2794,159,353,233
2021,"Wandsworth 005","E02000927",3233,1009,1900,84,128,112
2021,"Wandsworth 006","E02000928",3614,1078,2198,56,160,122
2021,"Wandsworth 007","E02000929",3496,1174,1694,254,177,197
2021,"Wandsworth 008","E02000930",4259,1211,2564,110,164,210
2021,"Wandsworth 009","E02000931",3484,802,2258,70,216,138
2021,"Wandsworth 010","E02000932",5931,1799,3461,131,337,203
2021,"Wandsworth 011","E02000933",3931,1261,2232,93,200,145
2021,"Wandsworth 012","E02000934",4196,1409,2354,63,207,163
2021,"Wandsworth 013","E02000935",2436,794,1189,198,101,154
2021,"Wandsworth 014","E02000936",4384,1565,2236,159,220,204
2021,"Wandsworth 015","E02000937",3127,712,2042,84,159,130
2021,"Wandsworth 016","E02000938",4345,1343,2256,228,269,249
2021,"Wandsworth 017","E02000939",2837,616,1933,78,114,96
2021,"Wandsworth 018","E02000940",4214,1367,2234,193,214,206
2021,"Wandsworth 019","E02000941",4137,1085,2671,80,153,148
2021,"Wandsworth 020","E02000942",3816,899,2425,107,204,181
2021,"Wandsworth 021","E02000943",3811,1137,2353,68,158,95
2021,"Wandsworth 022","E02000944",2890,821,1445,239,180,205
2021,"Wandsworth 023","E02000945",2764,768,1373,233,129,261
2021,"Wandsworth 024","E02000946",3107,803,1909,104,143,148
2021,"Wandsworth 025","E02000947",3919,1001,2502,90,211,115
2021,"Wandsworth 026","E02000948",4383,1324,2654,92,183,130
2021,"Wandsworth 027","E02000949",4255,1251,2684,48,160,112
2021,"Wandsworth 028","E02000950",3110,912,1665,152,197,184
2021,"Wandsworth 029","E02000951",2821,907,1676,57,83,98
2021,"Wandsworth 030","E02000952",2658,882,1545,51,84,96
2021,"Wandsworth 031","E02000953",3211,1112,1807,81,121,90
2021,"Wandsworth 032","E02000954",2245,475,1438,81,103,148
2021,"Wandsworth 033","E02000955",2677,635,1607,141,124,170
2021,"Wandsworth 034","E02000956",3033,842,1736,153,96,206
2021,"Wandsworth 035","E02000957",4420,1237,2503,214,181,285
2021,"Wandsworth 036","E02000958",2917,711,1802,139,105,160
2021,"Wandsworth 037","E02000959",3102,897,1676,184,141,204
2021,"Westminster 001","E02000960",2782,1043,1337,96,143,163
2021,"Westminster 002","E02000961",4067,1277,1944,255,283,308
2021,"Westminster 003","E02000962",3857,1794,1481,165,220,197
2021,"Westminster 004","E02000963",4134,1285,1958,372,262,257
2021,"Westminster 005","E02000964",5358,2046,2320,397,292,303
2021,"Westminster 006","E02000965",3623,1277,1700,158,240,248
2021,"Westminster 007","E02000966",4110,1555,1878,140,309,228
2021,"Westminster 008","E02000967",3014,1299,1268,85,150,212
2021,"Westminster 009","E02000968",5617,2026,2072,653,299,567
2021,"Westminster 010","E02000969",3716,1275,1480,449,240,272
2021,"Westminster 011","E02000970",3556,1680,1360,85,235,196
2021,"Westminster 012","E02000971",3722,1723,1479,85,187,248
2021,"Westminster 013","E02000972",4253,2256,1424,106,175,292
2021,"Westminster 014","E02000973",4797,2252,1871,138,292,244
2021,"Westminster 015","E02000974",3981,1774,1595,151,222,239
2021,"Westminster 016","E02000975",3802,1726,1481,93,272,230
2021,"Westminster 017","E02000976",4212,1928,1587,157,233,307
2021,"Westminster 018","E02000977",3435,1940,1125,68,142,160
2021,"Westminster 019","E02000978",2764,1064,1203,84,185,228
2021,"Westminster 020","E02000979",3927,1817,1596,163,191,160
2021,"Westminster 021","E02000980",4325,1927,1678,259,251,210
2021,"Westminster 022","E02000981",4156,1908,1772,101,191,184
2021,"Westminster 023","E02000982",3845,1874,1364,244,164,199
2021,"Westminster 024","E02000983",3757,1696,1449,238,179,195
2021,"Bromley 040","E02006782",3196,828,2090,108,91,79
2021,"Lewisham 037","E02006783",2895,682,1846,168,94,105
2021,"Lewisham 038","E02006784",3125,969,1790,150,91,125
2021,"Bexley 029","E02006785",2575,671,1647,98,76,83
2021,"Greenwich 033","E02006786",2874,777,1721,149,105,122
2021,"Bromley 041","E02006787",3089,777,2098,42,120,52
2021,"Croydon 045","E02006788",2895,694,1932,108,77,84
2021,"Bromley 042","E02006789",2788,698,2026,16,28,20
2021,"Ealing 040","E02006791",3451,1226,1744,125,225,131
2021,"Hounslow 029","E02006792",4146,1583,1998,113,269,183
2021,"Enfield 037","E02006793",3389,873,1607,444,182,283
2021,"Haringey 037","E02006794",3125,966,1531,328,126,174
2021,"Harrow 032","E02006795",2644,411,1497,367,131,238
2021,"Hillingdon 033","E02006796",3580,846,2248,203,149,134
2021,"Lewisham 039","E02006798",3775,1304,1833,226,185,227
2021,"Barking and Dagenham 023","E02006799",3890,847,2278,313,189,263
2021,"Redbridge 034","E02006800",4513,978,2258,464,308,505
2021,"Lambeth 036","E02006801",3712,1524,1692,109,143,244
2021,"Southwark 034","E02006802",3939,1437,1934,158,193,217
2021,"Sutton 025","E02006836",3211,684,2191,128,108,100
2021,"Tower Hamlets 032","E02006853",5040,1989,2074,283,341,353
2021,"Tower Hamlets 033","E02006854",3528,1454,1457,143,283,191
2021,"Harrow 033","E02006882",4396,645,2645,409,187,510
2021,"Hackney 028","E02006918",3169,1023,1518,224,215,189
2021,"Hackney 029","E02006921",2781,897,1306,165,236,177
2021,"Redbridge 035","E02006924",4097,801,2182,356,269,489
2021,"Redbridge 036","E02006925",4186,617,2418,427,268,456
2021,"Greenwich 034","E02006927",5086,1537,2912,190,301,146
2021,"Greenwich 035","E02006928",5265,1722,2789,189,349,216
2021,"Greenwich 037","E02006930",4226,1233,2429,91,277,196
2021,"Greenwich 038","E02006931",4137,1315,2336,104,216,166
2021,"Southwark 035","E02006941",2985,1282,1406,18,190,89
2021,"Southwark 036","E02006942",3366,1243,1650,102,189,182
2021,"Barnet 042","E02006953",3855,1275,1855,284,271,170
2021,"Barnet 043","E02006954",3719,1015,1864,304,245,291
2021,"Brent 035","E02006955",2710,826,1382,170,188,144
2021,"Brent 036","E02006956",2505,515,1340,230,144,276
2021,"Ealing 041","E02006968",3559,1211,1776,152,234,186
2021,"Ealing 042","E02006969",2976,1089,1429,106,202,150
2021,"Ealing 043","E02006970",2028,328,1068,245,127,260
2021,"Ealing 044","E02006971",2223,298,1084,338,145,358
2021,"Hounslow 030","E02006972",2336,776,1191,167,124,78
2021,"Hounslow 031","E02006973",3726,1314,1816,219,230,147
2021,"Croydon 046","E02006987",3881,1650,1787,128,237,79
2021,"Croydon 047","E02006988",3307,1344,1569,126,152,116
2021,"Greenwich 039","E02006991",3231,1160,1646,70,253,102
2021,"Greenwich 040","E02006992",3769,1217,2001,125,299,127
2021,"Greenwich 041","E02006993",3625,1102,1923,146,288,166
2021,"Greenwich 042","E02006994",3285,1175,1513,192,221,184
2021,"Newham 038","E02006995",3237,611,1985,161,220,260
2021,"Newham 039","E02006996",3158,918,1625,166,193,256
2021,"Newham 040","E02006997",3229,1055,1612,135,219,208
2021,"Newham 041","E02006998",2668,726,1410,231,144,157
2021,"Newham 042","E02006999",5051,1465,2785,197,363,241
2021,"Lewisham 040","E02007008",2660,918,1351,94,193,104
2021,"Lewisham 041","E02007009",3989,1449,2026,154,144,216
2021,"Redbridge 037","E02007017",2760,528,1668,232,144,188
2021,"Redbridge 038","E02007018",2528,657,1354,215,154,148
2021,"Redbridge 039","E02007019",2411,615,1109,269,174,244
2021,"Redbridge 040","E02007020",2722,462,1273,376,208,403
2021,"Wandsworth 038","E02007083",4106,1680,1858,96,307,165
2021,"Wandsworth 039","E02007084",4136,1284,2105,242,191,314
2021,"Hackney 030","E02007108",2803,973,1392,78,177,183
2021,"Hackney 031","E02007109",3303,1071,1767,151,165,149
2021,"Hackney 032","E02007110",3360,1381,1421,168,161,229
2021,"Hackney 033","E02007111",2816,1054,1306,88,161,207
2021,"Tower Hamlets 034","E02007112",2917,1175,1247,74,234,187
2021,"Tower Hamlets 035","E02007113",3266,1112,1491,209,218,236
2021,"Tower Hamlets 036","E02007114",3033,1066,1294,151,236,286
2021,"Camden 029","E02007115",4469,2031,1574,298,222,344
